timestamp,frame_idx,ear,pred_label,true_label,is_closed,perclos,blinks,fps
1759693825.691,0,0.26017,open,,0,0.00000,0,0.00
1759693825.720,1,0.26285,open,,0,0.00000,0,0.00
1759693825.775,2,0.26458,open,,0,0.00000,0,0.00
1759693825.822,3,0.26385,open,,0,0.00000,0,0.00
1759693825.872,4,0.26491,open,,0,0.00000,0,0.00
1759693825.919,5,0.26644,open,,0,0.00000,0,0.00
1759693825.967,6,0.26772,open,,0,0.00000,0,0.00
1759693826.015,7,0.26777,open,,0,0.00000,0,0.00
1759693826.079,8,0.26943,open,,0,0.00000,0,0.00
1759693826.126,9,0.27048,open,,0,0.00000,0,0.00
1759693826.175,10,0.27154,open,,0,0.00000,0,0.00
1759693826.223,11,0.27077,open,,0,0.00000,0,0.00
1759693826.271,12,0.27337,open,,0,0.00000,0,0.00
1759693826.319,13,0.27627,open,,0,0.00000,0,0.00
1759693826.367,14,0.27836,open,,0,0.00000,0,0.00
1759693826.432,15,0.28088,open,,0,0.00000,0,0.00
1759693826.480,16,0.28410,open,,0,0.00000,0,0.00
1759693826.526,17,0.28538,open,,0,0.00000,0,0.00
1759693826.575,18,0.27546,open,,0,0.00000,0,18.33
1759693826.623,19,0.23425,open,,0,0.00000,0,18.33
1759693826.670,20,0.20911,open,,0,0.00000,0,18.33
1759693826.718,21,0.20303,open,,0,0.00000,0,18.33
1759693826.783,22,0.20081,closed,,1,0.04348,0,18.33
1759693826.830,23,0.21355,closed,,1,0.08333,0,18.33
1759693826.880,24,0.25856,closed,,1,0.12000,0,18.33
1759693826.927,25,0.29012,closed,,1,0.15385,0,18.33
1759693826.975,26,0.30551,open,,0,0.14815,1,18.33
1759693827.022,27,0.31587,open,,0,0.14286,1,18.33
1759693827.087,28,0.32166,open,,0,0.13793,1,18.33
1759693827.134,29,0.32440,open,,0,0.13333,1,18.33
1759693827.183,30,0.32050,open,,0,0.12903,1,18.33
1759693827.231,31,0.31462,open,,0,0.12500,1,18.33
1759693827.280,32,0.30873,open,,0,0.12121,1,18.33
1759693827.328,33,0.30408,open,,0,0.11765,1,18.33
1759693827.375,34,0.30056,open,,0,0.11429,1,18.33
1759693827.439,35,0.30198,open,,0,0.11111,1,18.33
1759693827.486,36,0.30147,open,,0,0.10811,1,18.33
1759693827.535,37,0.29724,open,,0,0.10526,1,18.33
1759693827.583,38,0.28572,open,,0,0.10256,1,19.84
1759693827.631,39,0.23837,open,,0,0.10000,1,19.84
1759693827.679,40,0.18881,open,,0,0.09756,1,19.84
1759693827.743,41,0.14173,open,,0,0.09524,1,19.84
1759693827.790,42,0.09867,closed,,1,0.11628,1,19.84
1759693827.838,43,0.06399,closed,,1,0.13636,1,19.84
1759693827.886,44,0.06539,closed,,1,0.15556,1,19.84
1759693827.935,45,0.06910,closed,,1,0.17391,1,19.84
1759693827.983,46,0.07065,closed,,1,0.19149,1,19.84
1759693828.031,47,0.07381,closed,,1,0.20833,1,19.84
1759693828.095,48,0.07452,closed,,1,0.22449,1,19.84
1759693828.144,49,0.07502,closed,,1,0.24000,1,19.84
1759693828.191,50,0.07531,closed,,1,0.25490,1,19.84
1759693828.252,51,0.07727,closed,,1,0.26923,1,19.84
1759693828.287,52,0.07782,closed,,1,0.28302,1,19.84
1759693828.335,53,0.07857,closed,,1,0.29630,1,19.84
1759693828.382,54,0.07921,closed,,1,0.30909,1,19.84
1759693828.448,55,0.07973,closed,,1,0.32143,1,19.84
1759693828.495,56,0.08322,closed,,1,0.33333,1,19.84
1759693828.543,57,0.10968,closed,,1,0.34483,1,19.84
1759693828.590,58,0.14430,closed,,1,0.35593,1,19.85
1759693828.640,59,0.18388,closed,,1,0.36667,1,19.85
1759693828.687,60,0.22399,closed,,1,0.37705,1,19.85
1759693828.751,61,0.26269,closed,,1,0.38710,1,19.85
1759693828.799,62,0.27929,closed,,1,0.39683,1,19.85
1759693828.846,63,0.28787,open,,0,0.39062,2,19.85
1759693828.894,64,0.29233,open,,0,0.38462,2,19.85
1759693828.943,65,0.29585,open,,0,0.37879,2,19.85
1759693828.990,66,0.29676,open,,0,0.37313,2,19.85
1759693829.039,67,0.29511,open,,0,0.36765,2,19.85
1759693829.103,68,0.29571,open,,0,0.36232,2,19.85
1759693829.151,69,0.29498,open,,0,0.35714,2,19.85
1759693829.199,70,0.29410,open,,0,0.35211,2,19.85
1759693829.246,71,0.29283,open,,0,0.34722,2,19.85
1759693829.295,72,0.29517,open,,0,0.34247,2,19.85
1759693829.343,73,0.29339,open,,0,0.33784,2,19.85
1759693829.407,74,0.29500,open,,0,0.33333,2,19.85
1759693829.454,75,0.29540,open,,0,0.32895,2,19.85
1759693829.503,76,0.29692,open,,0,0.32468,2,19.85
1759693829.551,77,0.29615,open,,0,0.32051,2,19.85
1759693829.599,78,0.29646,open,,0,0.31646,2,19.84
1759693829.648,79,0.29417,open,,0,0.31250,2,19.84
1759693829.695,80,0.29333,open,,0,0.30864,2,19.84
1759693829.758,81,0.29194,open,,0,0.30488,2,19.84
1759693829.807,82,0.28681,open,,0,0.30120,2,19.84
1759693829.854,83,0.28561,open,,0,0.29762,2,19.84
1759693829.903,84,0.28487,open,,0,0.29412,2,19.84
1759693829.951,85,0.28275,open,,0,0.29070,2,19.84
1759693829.999,86,0.28106,open,,0,0.28736,2,19.84
1759693830.047,87,0.28322,open,,0,0.28409,2,19.84
1759693830.111,88,0.28319,open,,0,0.28090,2,19.84
1759693830.160,89,0.28160,open,,0,0.27778,2,19.84
1759693830.207,90,0.28015,open,,0,0.27473,2,19.84
1759693830.255,91,0.27891,open,,0,0.27174,2,19.84
1759693830.303,92,0.27768,open,,0,0.26882,2,19.84
1759693830.351,93,0.27296,open,,0,0.26596,2,19.84
1759693830.416,94,0.27249,open,,0,0.26316,2,19.84
1759693830.462,95,0.27218,open,,0,0.26042,2,19.84
1759693830.511,96,0.27271,open,,0,0.25773,2,19.84
1759693830.559,97,0.27343,open,,0,0.25510,2,19.84
1759693830.606,98,0.27664,open,,0,0.25253,2,19.85
1759693830.654,99,0.27614,open,,0,0.25000,2,19.85
1759693830.703,100,0.27504,open,,0,0.24752,2,19.85
1759693830.767,101,0.27573,open,,0,0.24510,2,19.85
1759693830.815,102,0.27685,open,,0,0.24272,2,19.85
1759693830.863,103,0.27823,open,,0,0.24038,2,19.85
1759693830.911,104,0.28109,open,,0,0.23810,2,19.85
1759693830.958,105,0.28468,open,,0,0.23585,2,19.85
1759693831.006,106,0.28607,open,,0,0.23364,2,19.85
1759693831.072,107,0.28707,open,,0,0.23148,2,19.85
1759693831.120,108,0.28712,open,,0,0.22936,2,19.85
1759693831.168,109,0.28607,open,,0,0.22727,2,19.85
1759693831.216,110,0.28413,open,,0,0.22523,2,19.85
1759693831.263,111,0.28067,open,,0,0.22321,2,19.85
1759693831.311,112,0.27954,open,,0,0.22124,2,19.85
1759693831.359,113,0.27757,open,,0,0.21930,2,19.85
1759693831.422,114,0.27509,open,,0,0.21739,2,19.85
1759693831.470,115,0.27389,open,,0,0.21552,2,19.85
1759693831.520,116,0.27318,open,,0,0.21368,2,19.85
1759693831.567,117,0.27089,open,,0,0.21186,2,19.85
1759693831.614,118,0.26968,open,,0,0.21008,2,19.85
1759693831.663,119,0.26911,open,,0,0.20833,2,19.85
1759693831.711,120,0.26875,open,,0,0.20661,2,19.85
1759693831.775,121,0.26633,open,,0,0.20492,2,19.85
1759693831.822,122,0.26158,open,,0,0.20325,2,19.85
1759693831.870,123,0.25853,open,,0,0.20161,2,19.85
1759693831.918,124,0.25595,open,,0,0.20000,2,19.85
1759693831.966,125,0.25248,open,,0,0.19841,2,19.85
1759693832.014,126,0.25280,open,,0,0.19685,2,19.85
1759693832.079,127,0.25840,open,,0,0.19531,2,19.85
1759693832.127,128,0.26276,open,,0,0.19380,2,19.85
1759693832.174,129,0.26485,open,,0,0.19231,2,19.85
1759693832.222,130,0.26771,open,,0,0.19084,2,19.85
1759693832.270,131,0.26846,open,,0,0.18939,2,19.85
1759693832.318,132,0.26763,open,,0,0.18797,2,19.85
1759693832.366,133,0.26553,open,,0,0.18657,2,19.85
1759693832.430,134,0.26686,open,,0,0.18519,2,19.85
1759693832.477,135,0.26822,open,,0,0.18382,2,19.85
1759693832.526,136,0.26979,open,,0,0.18248,2,19.85
1759693832.575,137,0.27153,open,,0,0.18116,2,19.85
1759693832.623,138,0.27310,open,,0,0.17986,2,19.83
1759693832.670,139,0.27455,open,,0,0.17857,2,19.83
1759693832.718,140,0.27134,open,,0,0.17730,2,19.83
1759693832.782,141,0.23533,open,,0,0.17606,2,19.83
1759693832.830,142,0.19671,open,,0,0.17483,2,19.83
1759693832.879,143,0.15772,open,,0,0.17361,2,19.83
1759693832.927,144,0.11711,closed,,1,0.17931,2,19.83
1759693832.974,145,0.08048,closed,,1,0.18493,2,19.83
1759693833.022,146,0.07851,closed,,1,0.19048,2,19.83
1759693833.086,147,0.07521,closed,,1,0.19595,2,19.83
1759693833.134,148,0.07606,closed,,1,0.20134,2,19.83
1759693833.183,149,0.07565,closed,,1,0.20667,2,19.83
1759693833.230,150,0.07542,closed,,1,0.21192,2,19.83
1759693833.279,151,0.07490,closed,,1,0.21711,2,19.83
1759693833.326,152,0.07577,closed,,1,0.22222,2,19.83
1759693833.376,153,0.07541,closed,,1,0.22727,2,19.83
1759693833.438,154,0.07767,closed,,1,0.23226,2,19.83
1759693833.486,155,0.08887,closed,,1,0.23718,2,19.83
1759693833.535,156,0.10595,closed,,1,0.24204,2,19.83
1759693833.582,157,0.13010,closed,,1,0.24684,2,19.83
1759693833.631,158,0.15168,closed,,1,0.25157,2,19.83
1759693833.679,159,0.17506,closed,,1,0.25625,2,19.83
1759693833.742,160,0.19115,closed,,1,0.26087,2,19.83
1759693833.790,161,0.20132,closed,,1,0.26543,2,19.83
1759693833.839,162,0.20600,closed,,1,0.26994,2,19.83
1759693833.886,163,0.21108,closed,,1,0.27439,2,19.83
1759693833.934,164,0.21347,closed,,1,0.27879,2,19.83
1759693833.982,165,0.21402,closed,,1,0.28313,2,19.83
1759693834.031,166,0.21303,closed,,1,0.28743,2,19.83
1759693834.094,167,0.21027,closed,,1,0.29167,2,19.83
1759693834.143,168,0.21066,closed,,1,0.29586,2,19.83
1759693834.191,169,0.21261,closed,,1,0.30000,2,19.83
1759693834.238,170,0.21440,closed,,1,0.30409,2,19.83
1759693834.286,171,0.22708,closed,,1,0.30814,2,19.83
1759693834.335,172,0.24531,closed,,1,0.31214,2,19.83
1759693834.383,173,0.26537,closed,,1,0.31609,2,19.83
1759693834.446,174,0.28576,open,,0,0.31429,3,19.83
1759693834.494,175,0.30678,open,,0,0.31250,3,19.83
1759693834.543,176,0.31801,open,,0,0.31073,3,19.83
1759693834.590,177,0.32318,open,,0,0.30899,3,19.83
1759693834.639,178,0.32211,open,,0,0.30726,3,19.83
1759693834.687,179,0.31999,open,,0,0.30556,3,19.83
1759693834.751,180,0.31838,open,,0,0.30387,3,19.83
1759693834.799,181,0.31422,open,,0,0.30220,3,19.83
1759693834.847,182,0.31242,open,,0,0.30055,3,19.83
1759693834.896,183,0.31468,open,,0,0.29891,3,19.83
1759693834.943,184,0.31436,open,,0,0.29730,3,19.83
1759693834.989,185,0.31526,open,,0,0.29570,3,19.83
1759693835.039,186,0.31542,open,,0,0.29412,3,19.83
1759693835.102,187,0.27902,open,,0,0.29255,3,19.83
1759693835.150,188,0.23132,open,,0,0.29101,3,19.83
1759693835.199,189,0.18473,open,,0,0.28947,3,19.83
1759693835.247,190,0.13610,open,,0,0.28796,3,19.83
1759693835.294,191,0.08959,closed,,1,0.29167,3,19.83
1759693835.342,192,0.07880,closed,,1,0.29534,3,19.83
1759693835.407,193,0.07774,closed,,1,0.29897,3,19.83
1759693835.455,194,0.07648,closed,,1,0.30256,3,19.83
1759693835.503,195,0.07655,closed,,1,0.30612,3,19.83
1759693835.550,196,0.07674,closed,,1,0.30964,3,19.83
1759693835.598,197,0.07583,closed,,1,0.31313,3,19.83
1759693835.646,198,0.07524,closed,,1,0.31658,3,19.86
1759693835.694,199,0.07644,closed,,1,0.32000,3,19.86
1759693835.759,200,0.07641,closed,,1,0.32338,3,19.86
1759693835.806,201,0.07720,closed,,1,0.32673,3,19.86
1759693835.855,202,0.07941,closed,,1,0.33005,3,19.86
1759693835.901,203,0.08264,closed,,1,0.33333,3,19.86
1759693835.951,204,0.11706,closed,,1,0.33659,3,19.86
1759693835.998,205,0.16000,closed,,1,0.33981,3,19.86
1759693836.047,206,0.20647,closed,,1,0.34300,3,19.86
1759693836.111,207,0.25451,closed,,1,0.34615,3,19.86
1759693836.159,208,0.30085,closed,,1,0.34928,3,19.86
1759693836.207,209,0.31489,open,,0,0.34762,4,19.86
1759693836.254,210,0.32233,open,,0,0.34597,4,19.86
1759693836.303,211,0.32384,open,,0,0.34434,4,19.86
1759693836.350,212,0.32314,open,,0,0.34272,4,19.86
1759693836.414,213,0.32300,open,,0,0.34112,4,19.86
1759693836.463,214,0.32462,open,,0,0.33953,4,19.86
1759693836.511,215,0.32366,open,,0,0.33796,4,19.86
1759693836.559,216,0.32048,open,,0,0.33641,4,19.86
1759693836.607,217,0.31484,open,,0,0.33486,4,19.86
1759693836.656,218,0.30605,open,,0,0.33333,4,19.81
1759693836.703,219,0.29600,open,,0,0.33182,4,19.81
1759693836.767,220,0.28708,open,,0,0.33032,4,19.81
1759693836.815,221,0.28058,open,,0,0.32883,4,19.81
1759693836.863,222,0.27545,open,,0,0.32735,4,19.81
1759693836.911,223,0.27438,open,,0,0.32589,4,19.81
1759693836.959,224,0.27129,open,,0,0.32444,4,19.81
1759693837.006,225,0.26964,open,,0,0.32301,4,19.81
1759693837.071,226,0.26851,open,,0,0.32159,4,19.81
1759693837.118,227,0.26847,open,,0,0.32018,4,19.81
1759693837.166,228,0.26657,open,,0,0.31878,4,19.81
1759693837.215,229,0.26871,open,,0,0.31739,4,19.81
1759693837.262,230,0.27062,open,,0,0.31602,4,19.81
1759693837.311,231,0.27229,open,,0,0.31466,4,19.81
1759693837.359,232,0.27372,open,,0,0.31330,4,19.81
1759693837.422,233,0.27275,open,,0,0.31197,4,19.81
1759693837.471,234,0.26927,open,,0,0.31064,4,19.81
1759693837.519,235,0.26285,open,,0,0.30932,4,19.81
1759693837.583,236,0.26013,open,,0,0.30802,4,19.81
1759693837.614,237,0.25772,open,,0,0.30672,4,19.81
1759693837.663,238,0.25723,open,,0,0.30544,4,19.86
1759693837.710,239,0.25761,open,,0,0.30417,4,19.86
1759693837.774,240,0.25823,open,,0,0.30290,4,19.86
1759693837.822,241,0.25489,open,,0,0.30165,4,19.86
1759693837.870,242,0.25194,open,,0,0.30041,4,19.86
1759693837.918,243,0.24922,open,,0,0.29918,4,19.86
1759693837.966,244,0.24623,open,,0,0.29796,4,19.86
1759693838.015,245,0.24274,open,,0,0.29675,4,19.86
1759693838.078,246,0.24303,open,,0,0.29555,4,19.86
1759693838.126,247,0.24265,open,,0,0.29435,4,19.86
1759693838.175,248,0.24326,open,,0,0.29317,4,19.86
1759693838.223,249,0.24074,open,,0,0.29200,4,19.86
1759693838.270,250,0.24318,open,,0,0.29084,4,19.86
1759693838.319,251,0.24154,open,,0,0.28968,4,19.86
1759693838.367,252,0.24165,open,,0,0.28854,4,19.86
1759693838.431,253,0.24684,open,,0,0.28740,4,19.86
1759693838.478,254,0.26650,open,,0,0.28627,4,19.86
1759693838.527,255,0.28391,open,,0,0.28516,4,19.86
1759693838.573,256,0.30518,open,,0,0.28405,4,19.86
1759693838.622,257,0.32555,open,,0,0.28295,4,19.86
1759693838.670,258,0.34160,open,,0,0.28185,4,19.86
1759693838.734,259,0.34649,open,,0,0.28077,4,19.86
1759693838.783,260,0.35019,open,,0,0.27969,4,19.86
1759693838.830,261,0.34921,open,,0,0.27863,4,19.86
1759693838.879,262,0.34713,open,,0,0.27757,4,19.86
1759693838.927,263,0.34267,open,,0,0.27652,4,19.86
1759693838.975,264,0.33929,open,,0,0.27547,4,19.86
1759693839.023,265,0.33296,open,,0,0.27444,4,19.86
1759693839.086,266,0.33227,open,,0,0.27341,4,19.86
1759693839.135,267,0.32990,open,,0,0.27239,4,19.86
1759693839.183,268,0.32927,open,,0,0.27138,4,19.86
1759693839.231,269,0.32466,open,,0,0.27037,4,19.86
1759693839.279,270,0.32257,open,,0,0.26937,4,19.86
1759693839.327,271,0.31429,open,,0,0.26838,4,19.86
1759693839.375,272,0.30827,open,,0,0.26740,4,19.86
1759693839.438,273,0.30086,open,,0,0.26642,4,19.86
1759693839.486,274,0.29713,open,,0,0.26545,4,19.86
1759693839.534,275,0.29248,open,,0,0.26449,4,19.86
1759693839.582,276,0.29137,open,,0,0.26354,4,19.86
1759693839.631,277,0.28916,open,,0,0.26259,4,19.86
1759693839.678,278,0.28746,open,,0,0.26165,4,19.83
1759693839.742,279,0.28524,open,,0,0.26071,4,19.83
1759693839.790,280,0.28386,open,,0,0.25979,4,19.83
1759693839.838,281,0.28302,open,,0,0.25887,4,19.83
1759693839.886,282,0.28278,open,,0,0.25795,4,19.83
1759693839.935,283,0.28242,open,,0,0.25704,4,19.83
1759693839.983,284,0.28114,open,,0,0.25614,4,19.83
1759693840.031,285,0.28023,open,,0,0.25524,4,19.83
1759693840.095,286,0.27831,open,,0,0.25436,4,19.83
1759693840.143,287,0.27525,open,,0,0.25347,4,19.83
1759693840.190,288,0.26916,open,,0,0.25260,4,19.83
1759693840.239,289,0.27432,open,,0,0.25172,4,19.83
1759693840.286,290,0.28294,open,,0,0.25086,4,19.83
1759693840.335,291,0.29264,open,,0,0.25000,4,19.83
1759693840.382,292,0.30312,open,,0,0.24915,4,19.83
1759693840.446,293,0.31882,open,,0,0.24830,4,19.83
1759693840.494,294,0.31883,open,,0,0.24746,4,19.83
1759693840.543,295,0.31904,open,,0,0.24662,4,19.83
1759693840.591,296,0.31594,open,,0,0.24579,4,19.83
1759693840.638,297,0.31575,open,,0,0.24497,4,19.83
1759693840.687,298,0.30951,open,,0,0.24415,4,19.84
1759693840.750,299,0.30792,open,,0,0.24333,4,19.84
1759693840.799,300,0.30455,open,,0,0.24252,4,19.84
1759693840.846,301,0.30190,open,,0,0.24172,4,19.84
1759693840.895,302,0.29904,open,,0,0.24092,4,19.84
1759693840.943,303,0.29988,open,,0,0.24013,4,19.84
1759693840.990,304,0.30396,open,,0,0.23934,4,19.84
1759693841.038,305,0.30457,open,,0,0.23856,4,19.84
1759693841.103,306,0.30730,open,,0,0.23779,4,19.84
1759693841.151,307,0.30861,open,,0,0.23701,4,19.84
1759693841.198,308,0.31121,open,,0,0.23625,4,19.84
1759693841.246,309,0.31006,open,,0,0.23548,4,19.84
1759693841.295,310,0.31147,open,,0,0.23473,4,19.84
1759693841.342,311,0.31375,open,,0,0.23397,4,19.84
1759693841.406,312,0.31300,open,,0,0.23323,4,19.84
1759693841.454,313,0.31156,open,,0,0.23248,4,19.84
1759693841.502,314,0.31104,open,,0,0.23175,4,19.84
1759693841.550,315,0.30980,open,,0,0.23101,4,19.84
1759693841.599,316,0.30828,open,,0,0.23028,4,19.84
1759693841.646,317,0.31042,open,,0,0.22956,4,19.84
1759693841.693,318,0.31218,open,,0,0.22884,4,19.87
1759693841.758,319,0.31154,open,,0,0.22812,4,19.87
1759693841.806,320,0.31363,open,,0,0.22741,4,19.87
1759693841.854,321,0.31150,open,,0,0.22671,4,19.87
1759693841.903,322,0.31052,open,,0,0.22601,4,19.87
1759693841.950,323,0.30785,open,,0,0.22531,4,19.87
1759693841.999,324,0.30980,open,,0,0.22462,4,19.87
1759693842.046,325,0.30786,open,,0,0.22393,4,19.87
1759693842.110,326,0.30872,open,,0,0.22324,4,19.87
1759693842.158,327,0.30959,open,,0,0.22256,4,19.87
1759693842.206,328,0.31180,open,,0,0.22188,4,19.87
1759693842.254,329,0.31252,open,,0,0.22121,4,19.87
1759693842.303,330,0.31437,open,,0,0.22054,4,19.87
1759693842.350,331,0.31700,open,,0,0.21988,4,19.87
1759693842.414,332,0.31547,open,,0,0.21922,4,19.87
1759693842.462,333,0.31589,open,,0,0.21856,4,19.87
1759693842.510,334,0.31578,open,,0,0.21791,4,19.87
1759693842.558,335,0.31604,open,,0,0.21726,4,19.87
1759693842.606,336,0.31585,open,,0,0.21662,4,19.87
1759693842.655,337,0.31582,open,,0,0.21598,4,19.87
1759693842.703,338,0.31637,open,,0,0.21534,4,19.80
1759693842.766,339,0.31681,open,,0,0.21471,4,19.80
1759693842.815,340,0.31689,open,,0,0.21408,4,19.80
1759693842.863,341,0.31624,open,,0,0.21345,4,19.80
1759693842.912,342,0.31658,open,,0,0.21283,4,19.80
1759693842.959,343,0.31539,open,,0,0.21221,4,19.80
1759693843.006,344,0.31358,open,,0,0.21159,4,19.80
1759693843.070,345,0.31311,open,,0,0.21098,4,19.80
1759693843.118,346,0.31404,open,,0,0.21037,4,19.80
1759693843.166,347,0.31521,open,,0,0.20977,4,19.80
1759693843.214,348,0.31390,open,,0,0.20917,4,19.80
1759693843.262,349,0.31206,open,,0,0.20857,4,19.80
1759693843.311,350,0.31094,open,,0,0.20798,4,19.80
1759693843.360,351,0.30734,open,,0,0.20739,4,19.80
1759693843.423,352,0.30435,open,,0,0.20680,4,19.80
1759693843.472,353,0.30360,open,,0,0.20621,4,19.80
1759693843.518,354,0.30506,open,,0,0.20563,4,19.80
1759693843.567,355,0.30376,open,,0,0.20506,4,19.80
1759693843.614,356,0.30449,open,,0,0.20448,4,19.80
1759693843.663,357,0.30559,open,,0,0.20391,4,19.80
1759693843.711,358,0.30640,open,,0,0.20334,4,19.84
1759693843.775,359,0.30939,open,,0,0.20278,4,19.84
1759693843.824,360,0.31391,open,,0,0.20222,4,19.84
1759693843.872,361,0.31535,open,,0,0.20166,4,19.84
1759693843.920,362,0.31860,open,,0,0.20110,4,19.84
1759693843.967,363,0.32376,open,,0,0.20055,4,19.84
1759693844.016,364,0.32350,open,,0,0.20000,4,19.84
1759693844.079,365,0.32555,open,,0,0.19945,4,19.84
1759693844.127,366,0.32787,open,,0,0.19891,4,19.84
1759693844.176,367,0.32902,open,,0,0.19837,4,19.84
1759693844.224,368,0.32993,open,,0,0.19783,4,19.84
1759693844.271,369,0.33061,open,,0,0.19730,4,19.84
1759693844.319,370,0.32643,open,,0,0.19677,4,19.84
1759693844.367,371,0.32262,open,,0,0.19624,4,19.84
1759693844.431,372,0.32101,open,,0,0.19571,4,19.84
1759693844.479,373,0.31917,open,,0,0.19519,4,19.84
1759693844.528,374,0.32104,open,,0,0.19467,4,19.84
1759693844.576,375,0.32439,open,,0,0.19415,4,19.84
1759693844.623,376,0.32962,open,,0,0.19363,4,19.84
1759693844.671,377,0.33059,open,,0,0.19312,4,19.84
1759693844.735,378,0.33095,open,,0,0.19261,4,19.54
1759693844.784,379,0.32962,open,,0,0.19211,4,19.54
1759693844.831,380,0.32838,open,,0,0.19160,4,19.54
1759693844.879,381,0.32650,open,,0,0.19110,4,19.54
1759693844.928,382,0.32589,open,,0,0.19060,4,19.54
1759693844.975,383,0.32644,open,,0,0.19010,4,19.54
1759693845.023,384,0.32601,open,,0,0.18961,4,19.54
1759693845.087,385,0.32583,open,,0,0.18912,4,19.54
1759693845.135,386,0.32485,open,,0,0.18863,4,19.54
1759693845.183,387,0.32471,open,,0,0.18814,4,19.54
1759693845.231,388,0.32217,open,,0,0.18766,4,19.54
1759693845.279,389,0.32141,open,,0,0.18718,4,19.54
1759693845.327,390,0.32075,open,,0,0.18670,4,19.54
1759693845.375,391,0.32026,open,,0,0.18622,4,19.54
1759693845.439,392,0.31791,open,,0,0.18575,4,19.54
1759693845.486,393,0.31827,open,,0,0.18528,4,19.54
1759693845.535,394,0.31827,open,,0,0.18481,4,19.54
1759693845.584,395,0.31819,open,,0,0.18434,4,19.54
1759693845.631,396,0.32002,open,,0,0.18388,4,19.54
1759693845.679,397,0.32192,open,,0,0.18342,4,19.54
1759693845.743,398,0.32149,open,,0,0.18296,4,19.83
1759693845.791,399,0.32198,open,,0,0.18250,4,19.83
1759693845.839,400,0.32056,open,,0,0.18204,4,19.83
1759693845.887,401,0.31929,open,,0,0.18159,4,19.83
1759693845.936,402,0.31716,open,,0,0.18114,4,19.83
1759693845.983,403,0.31633,open,,0,0.18069,4,19.83
1759693846.032,404,0.31514,open,,0,0.18025,4,19.83
1759693846.096,405,0.31601,open,,0,0.17980,4,19.83
1759693846.143,406,0.31585,open,,0,0.17936,4,19.83
1759693846.191,407,0.31675,open,,0,0.17892,4,19.83
1759693846.240,408,0.31805,open,,0,0.17848,4,19.83
1759693846.287,409,0.31777,open,,0,0.17805,4,19.83
1759693846.336,410,0.31995,open,,0,0.17762,4,19.83
1759693846.400,411,0.32156,open,,0,0.17718,4,19.83
1759693846.447,412,0.32290,open,,0,0.17676,4,19.83
1759693846.496,413,0.32358,open,,0,0.17633,4,19.83
1759693846.544,414,0.32539,open,,0,0.17590,4,19.83
1759693846.591,415,0.32198,open,,0,0.17548,4,19.83
1759693846.639,416,0.31903,open,,0,0.17506,4,19.83
1759693846.687,417,0.31900,open,,0,0.17464,4,19.83
1759693846.751,418,0.32086,open,,0,0.17422,4,19.85
1759693846.799,419,0.32219,open,,0,0.17381,4,19.85
1759693846.848,420,0.32551,open,,0,0.17340,4,19.85
1759693846.895,421,0.32947,open,,0,0.17299,4,19.85
1759693846.943,422,0.33201,open,,0,0.17258,4,19.85
1759693846.991,423,0.33412,open,,0,0.17217,4,19.85
1759693847.040,424,0.33394,open,,0,0.17176,4,19.85
1759693847.103,425,0.33490,open,,0,0.17136,4,19.85
1759693847.152,426,0.33593,open,,0,0.17096,4,19.85
1759693847.199,427,0.33543,open,,0,0.17056,4,19.85
1759693847.247,428,0.33488,open,,0,0.17016,4,19.85
1759693847.296,429,0.33576,open,,0,0.16977,4,19.85
1759693847.343,430,0.33631,open,,0,0.16937,4,19.85
1759693847.407,431,0.33371,open,,0,0.16898,4,19.85
1759693847.456,432,0.33488,open,,0,0.16859,4,19.85
1759693847.503,433,0.33458,open,,0,0.16820,4,19.85
1759693847.552,434,0.33528,open,,0,0.16782,4,19.85
1759693847.599,435,0.33303,open,,0,0.16743,4,19.85
1759693847.648,436,0.33568,open,,0,0.16705,4,19.85
1759693847.696,437,0.33446,open,,0,0.16667,4,19.85
1759693847.759,438,0.33288,open,,0,0.16629,4,19.83
1759693847.807,439,0.33147,open,,0,0.16591,4,19.83
1759693847.856,440,0.33359,open,,0,0.16553,4,19.83
1759693847.904,441,0.33311,open,,0,0.16516,4,19.83
1759693847.952,442,0.33384,open,,0,0.16479,4,19.83
1759693847.999,443,0.33589,open,,0,0.16441,4,19.83
1759693848.063,444,0.33721,open,,0,0.16404,4,19.83
1759693848.111,445,0.33585,open,,0,0.16368,4,19.83
1759693848.160,446,0.33772,open,,0,0.16331,4,19.83
1759693848.208,447,0.33658,open,,0,0.16295,4,19.83
1759693848.255,448,0.33700,open,,0,0.16258,4,19.83
1759693848.304,449,0.33629,open,,0,0.16222,4,19.83
1759693848.351,450,0.33714,open,,0,0.16186,4,19.83
1759693848.415,451,0.33700,open,,0,0.16150,4,19.83
1759693848.463,452,0.33837,open,,0,0.16115,4,19.83
1759693848.511,453,0.33645,open,,0,0.16079,4,19.83
1759693848.559,454,0.33736,open,,0,0.16044,4,19.83
1759693848.608,455,0.33976,open,,0,0.16009,4,19.83
1759693848.656,456,0.33786,open,,0,0.15974,4,19.83
1759693848.703,457,0.33627,open,,0,0.15939,4,19.83
1759693848.767,458,0.33662,open,,0,0.15904,4,19.84
1759693848.815,459,0.33741,open,,0,0.15870,4,19.84
1759693848.863,460,0.33594,open,,0,0.15835,4,19.84
1759693848.911,461,0.33903,open,,0,0.15801,4,19.84
1759693848.959,462,0.34246,open,,0,0.15767,4,19.84
1759693849.008,463,0.34130,open,,0,0.15733,4,19.84
1759693849.072,464,0.34081,open,,0,0.15699,4,19.84
1759693849.120,465,0.34174,open,,0,0.15665,4,19.84
1759693849.168,466,0.34159,open,,0,0.15632,4,19.84
1759693849.215,467,0.33968,open,,0,0.15598,4,19.84
1759693849.263,468,0.34264,open,,0,0.15565,4,19.84
1759693849.312,469,0.34290,open,,0,0.15532,4,19.84
1759693849.359,470,0.34041,open,,0,0.15499,4,19.84
1759693849.423,471,0.33749,open,,0,0.15466,4,19.84
1759693849.471,472,0.33670,open,,0,0.15433,4,19.84
1759693849.520,473,0.33417,open,,0,0.15401,4,19.84
1759693849.568,474,0.33397,open,,0,0.15368,4,19.84
1759693849.616,475,0.33589,open,,0,0.15336,4,19.84
1759693849.663,476,0.33699,open,,0,0.15304,4,19.84
1759693849.712,477,0.33759,open,,0,0.15272,4,19.84
1759693849.776,478,0.33905,open,,0,0.15240,4,19.84
1759693849.824,479,0.33605,open,,0,0.15208,4,19.84
1759693849.871,480,0.33395,open,,0,0.15177,4,19.84
1759693849.919,481,0.33244,open,,0,0.15145,4,19.84
1759693849.967,482,0.33040,open,,0,0.15114,4,19.84
1759693850.016,483,0.32862,open,,0,0.15083,4,19.84
1759693850.079,484,0.32997,open,,0,0.15052,4,19.84
1759693850.127,485,0.32885,open,,0,0.15021,4,19.84
1759693850.176,486,0.32870,open,,0,0.14990,4,19.84
1759693850.223,487,0.33149,open,,0,0.14959,4,19.84
1759693850.271,488,0.33425,open,,0,0.14928,4,19.84
1759693850.319,489,0.33467,open,,0,0.14898,4,19.84
1759693850.367,490,0.33534,open,,0,0.14868,4,19.84
1759693850.432,491,0.33384,open,,0,0.14837,4,19.84
1759693850.480,492,0.32132,open,,0,0.14807,4,19.84
1759693850.527,493,0.31208,open,,0,0.14777,4,19.84
1759693850.575,494,0.30395,open,,0,0.14747,4,19.84
1759693850.624,495,0.29882,open,,0,0.14718,4,19.84
1759693850.672,496,0.29709,open,,0,0.14688,4,19.84
1759693850.735,497,0.30322,open,,0,0.14659,4,19.84
1759693850.783,498,0.30962,open,,0,0.14629,4,19.86
1759693850.831,499,0.31364,open,,0,0.14600,4,19.86
1759693850.880,500,0.31814,open,,0,0.14571,4,19.86
1759693850.927,501,0.31801,open,,0,0.14542,4,19.86
1759693850.975,502,0.31893,open,,0,0.14513,4,19.86
1759693851.023,503,0.31496,open,,0,0.14484,4,19.86
1759693851.087,504,0.31350,open,,0,0.14455,4,19.86
1759693851.135,505,0.30986,open,,0,0.14427,4,19.86
1759693851.183,506,0.30749,open,,0,0.14398,4,19.86
1759693851.231,507,0.30955,open,,0,0.14370,4,19.86
1759693851.280,508,0.31075,open,,0,0.14342,4,19.86
1759693851.328,509,0.31148,open,,0,0.14314,4,19.86
1759693851.376,510,0.31500,open,,0,0.14286,4,19.86
1759693851.439,511,0.32047,open,,0,0.14258,4,19.86
1759693851.487,512,0.32089,open,,0,0.14230,4,19.86
1759693851.535,513,0.32025,open,,0,0.14202,4,19.86
1759693851.582,514,0.32086,open,,0,0.14175,4,19.86
1759693851.631,515,0.31560,open,,0,0.14147,4,19.86
1759693851.678,516,0.31100,open,,0,0.14120,4,19.86
1759693851.743,517,0.30631,open,,0,0.14093,4,19.86
1759693851.791,518,0.30394,open,,0,0.14066,4,19.84
1759693851.838,519,0.30201,open,,0,0.14038,4,19.84
1759693851.887,520,0.30574,open,,0,0.14012,4,19.84
1759693851.935,521,0.30807,open,,0,0.13985,4,19.84
1759693851.983,522,0.31146,open,,0,0.13958,4,19.84
1759693852.031,523,0.31334,open,,0,0.13931,4,19.84
1759693852.094,524,0.31227,open,,0,0.13905,4,19.84
1759693852.143,525,0.30880,open,,0,0.13878,4,19.84
1759693852.191,526,0.30598,open,,0,0.13852,4,19.84
1759693852.239,527,0.30459,open,,0,0.13826,4,19.84
1759693852.287,528,0.30351,open,,0,0.13800,4,19.84
1759693852.335,529,0.30083,open,,0,0.13774,4,19.84
1759693852.399,530,0.30051,open,,0,0.13748,4,19.84
1759693852.447,531,0.29867,open,,0,0.13722,4,19.84
1759693852.495,532,0.29435,open,,0,0.13696,4,19.84
1759693852.543,533,0.28916,open,,0,0.13670,4,19.84
1759693852.591,534,0.28647,open,,0,0.13645,4,19.84
1759693852.638,535,0.28409,open,,0,0.13619,4,19.84
1759693852.686,536,0.28382,open,,0,0.13594,4,19.84
1759693852.750,537,0.28467,open,,0,0.13569,4,19.84
1759693852.799,538,0.28666,open,,0,0.13544,4,19.83
1759693852.846,539,0.29142,open,,0,0.13519,4,19.83
1759693852.894,540,0.29541,open,,0,0.13494,4,19.83
1759693852.942,541,0.29770,open,,0,0.13469,4,19.83
1759693852.990,542,0.29841,open,,0,0.13444,4,19.83
1759693853.039,543,0.29961,open,,0,0.13419,4,19.83
1759693853.103,544,0.29814,open,,0,0.13394,4,19.83
1759693853.150,545,0.29642,open,,0,0.13370,4,19.83
1759693853.199,546,0.29567,open,,0,0.13346,4,19.83
1759693853.246,547,0.29464,open,,0,0.13321,4,19.83
1759693853.295,548,0.29495,open,,0,0.13297,4,19.83
1759693853.342,549,0.29527,open,,0,0.13273,4,19.83
1759693853.406,550,0.29419,open,,0,0.13249,4,19.83
1759693853.454,551,0.29196,open,,0,0.13225,4,19.83
1759693853.503,552,0.29317,open,,0,0.13201,4,19.83
1759693853.550,553,0.29387,open,,0,0.13177,4,19.83
1759693853.599,554,0.29612,open,,0,0.13153,4,19.83
1759693853.645,555,0.29830,open,,0,0.13129,4,19.83
1759693853.696,556,0.30076,open,,0,0.13106,4,19.83
1759693853.758,557,0.30128,open,,0,0.13082,4,19.83
1759693853.806,558,0.30041,open,,0,0.13059,4,19.86
1759693853.854,559,0.30053,open,,0,0.13036,4,19.86
1759693853.902,560,0.30031,open,,0,0.13012,4,19.86
1759693853.951,561,0.29933,open,,0,0.12989,4,19.86
1759693853.999,562,0.30027,open,,0,0.12966,4,19.86
1759693854.061,563,0.30126,open,,0,0.12943,4,19.86
1759693854.111,564,0.30179,open,,0,0.12920,4,19.86
1759693854.159,565,0.30337,open,,0,0.12898,4,19.86
1759693854.208,566,0.30593,open,,0,0.12875,4,19.86
1759693854.255,567,0.30627,open,,0,0.12852,4,19.86
1759693854.302,568,0.31155,open,,0,0.12830,4,19.86
1759693854.350,569,0.31494,open,,0,0.12807,4,19.86
1759693854.414,570,0.31298,open,,0,0.12785,4,19.86
1759693854.462,571,0.31486,open,,0,0.12762,4,19.86
1759693854.511,572,0.30498,open,,0,0.12740,4,19.86
1759693854.558,573,0.26462,open,,0,0.12718,4,19.86
1759693854.606,574,0.22471,open,,0,0.12696,4,19.86
1759693854.655,575,0.20035,open,,0,0.12674,4,19.86
1759693854.703,576,0.18656,closed,,1,0.12825,4,19.86
1759693854.767,577,0.18786,closed,,1,0.12976,4,19.86
1759693854.814,578,0.21863,closed,,1,0.13126,4,19.85
1759693854.863,579,0.24235,closed,,1,0.13276,4,19.85
1759693854.910,580,0.22432,closed,,1,0.13425,4,19.85
1759693854.958,581,0.19001,closed,,1,0.13574,4,19.85
1759693855.006,582,0.15494,closed,,1,0.13722,4,19.85
1759693855.070,583,0.13132,closed,,1,0.13870,4,19.85
1759693855.119,584,0.12661,closed,,1,0.14017,4,19.85
1759693855.166,585,0.15794,closed,,1,0.14164,4,19.85
1759693855.215,586,0.19396,closed,,1,0.14310,4,19.85
1759693855.263,587,0.23040,closed,,1,0.14456,4,19.85
1759693855.311,588,0.25541,closed,,1,0.14601,4,19.85
1759693855.359,589,0.26991,open,,0,0.14576,5,19.85
1759693855.422,590,0.28022,open,,0,0.14552,5,19.85
1759693855.470,591,0.28741,open,,0,0.14527,5,19.85
1759693855.519,592,0.29120,open,,0,0.14503,5,19.85
1759693855.567,593,0.29447,open,,0,0.14478,5,19.85
1759693855.615,594,0.29637,open,,0,0.14454,5,19.85
1759693855.663,595,0.29684,open,,0,0.14430,5,19.85
1759693855.726,596,0.29764,open,,0,0.14405,5,19.85
1759693855.774,597,0.29962,open,,0,0.14381,5,19.85
1759693855.822,598,0.29857,open,,0,0.14357,5,19.85
1759693855.870,599,0.29702,open,,0,0.14333,5,19.85
1759693855.918,600,0.29507,open,,0,0.14309,5,19.85
1759693855.966,601,0.29436,open,,0,0.14286,5,19.85
1759693856.014,602,0.29131,open,,0,0.14262,5,19.85
1759693856.079,603,0.29081,open,,0,0.14238,5,19.85
1759693856.128,604,0.29184,open,,0,0.14215,5,19.85
1759693856.176,605,0.29135,open,,0,0.14191,5,19.85
1759693856.223,606,0.25996,open,,0,0.14168,5,19.85
1759693856.270,607,0.22006,open,,0,0.14145,5,19.85
1759693856.320,608,0.18056,open,,0,0.14122,5,19.85
1759693856.368,609,0.14435,closed,,1,0.14262,5,19.85
1759693856.431,610,0.10911,closed,,1,0.14403,5,19.85
1759693856.478,611,0.10369,closed,,1,0.14542,5,19.85
1759693856.527,612,0.10933,closed,,1,0.14682,5,19.85
1759693856.575,613,0.11131,closed,,1,0.14821,5,19.85
1759693856.623,614,0.10849,closed,,1,0.14959,5,19.85
1759693856.671,615,0.10787,closed,,1,0.15097,5,19.85
1759693856.734,616,0.10593,closed,,1,0.15235,5,19.85
1759693856.782,617,0.10322,closed,,1,0.15372,5,19.85
1759693856.830,618,0.10127,closed,,1,0.15509,5,19.82
1759693856.879,619,0.10061,closed,,1,0.15645,5,19.82
1759693856.926,620,0.09956,closed,,1,0.15781,5,19.82
1759693856.976,621,0.10047,closed,,1,0.15916,5,19.82
1759693857.023,622,0.10132,closed,,1,0.16051,5,19.82
1759693857.087,623,0.10158,closed,,1,0.16186,5,19.82
1759693857.134,624,0.10261,closed,,1,0.16320,5,19.82
1759693857.184,625,0.10311,closed,,1,0.16454,5,19.82
1759693857.230,626,0.10334,closed,,1,0.16587,5,19.82
1759693857.279,627,0.10331,closed,,1,0.16720,5,19.82
1759693857.328,628,0.10408,closed,,1,0.16852,5,19.82
1759693857.391,629,0.10394,closed,,1,0.16984,5,19.82
1759693857.439,630,0.10351,closed,,1,0.17116,5,19.82
1759693857.488,631,0.10308,closed,,1,0.17247,5,19.82
1759693857.534,632,0.10238,closed,,1,0.17378,5,19.82
1759693857.583,633,0.10356,closed,,1,0.17508,5,19.82
1759693857.631,634,0.13048,closed,,1,0.17638,5,19.82
1759693857.679,635,0.16655,closed,,1,0.17767,5,19.82
1759693857.743,636,0.20425,closed,,1,0.17896,5,19.82
1759693857.791,637,0.24426,closed,,1,0.18025,5,19.82
1759693857.839,638,0.28311,closed,,1,0.18153,5,19.84
1759693857.887,639,0.29556,open,,0,0.18125,6,19.84
1759693857.935,640,0.29927,open,,0,0.18097,6,19.84
1759693857.983,641,0.30247,open,,0,0.18069,6,19.84
1759693858.032,642,0.30270,open,,0,0.18040,6,19.84
1759693858.095,643,0.30298,open,,0,0.18012,6,19.84
1759693858.142,644,0.30336,open,,0,0.17984,6,19.84
1759693858.192,645,0.30485,open,,0,0.17957,6,19.84
1759693858.239,646,0.30511,open,,0,0.17929,6,19.84
1759693858.288,647,0.30808,open,,0,0.17901,6,19.84
1759693858.335,648,0.31209,open,,0,0.17874,6,19.84
1759693858.398,649,0.31425,open,,0,0.17846,6,19.84
1759693858.448,650,0.31517,open,,0,0.17819,6,19.84
1759693858.495,651,0.31569,open,,0,0.17791,6,19.84
1759693858.543,652,0.31340,open,,0,0.17764,6,19.84
1759693858.590,653,0.30867,open,,0,0.17737,6,19.84
1759693858.639,654,0.30772,open,,0,0.17710,6,19.84
1759693858.687,655,0.30694,open,,0,0.17683,6,19.84
1759693858.751,656,0.30692,open,,0,0.17656,6,19.84
1759693858.800,657,0.31035,open,,0,0.17629,6,19.84
1759693858.847,658,0.31222,open,,0,0.17602,6,19.83
1759693858.895,659,0.31386,open,,0,0.17576,6,19.83
1759693858.942,660,0.31454,open,,0,0.17549,6,19.83
1759693858.991,661,0.31551,open,,0,0.17523,6,19.83
1759693859.040,662,0.31478,open,,0,0.17496,6,19.83
1759693859.103,663,0.31538,open,,0,0.17470,6,19.83
1759693859.151,664,0.31380,open,,0,0.17444,6,19.83
1759693859.199,665,0.31284,open,,0,0.17417,6,19.83
1759693859.248,666,0.31130,open,,0,0.17391,6,19.83
1759693859.296,667,0.30928,open,,0,0.17365,6,19.83
1759693859.344,668,0.29626,open,,0,0.17339,6,19.83
1759693859.407,669,0.25151,open,,0,0.17313,6,19.83
1759693859.455,670,0.20737,open,,0,0.17288,6,19.83
1759693859.503,671,0.16992,open,,0,0.17262,6,19.83
1759693859.551,672,0.15358,closed,,1,0.17385,6,19.83
1759693859.599,673,0.15486,closed,,1,0.17507,6,19.83
1759693859.648,674,0.18705,closed,,1,0.17630,6,19.83
1759693859.695,675,0.18640,closed,,1,0.17751,6,19.83
1759693859.759,676,0.17850,closed,,1,0.17873,6,19.83
1759693859.807,677,0.15352,closed,,1,0.17994,6,19.83
1759693859.856,678,0.13839,closed,,1,0.18115,6,19.83
1759693859.903,679,0.13545,closed,,1,0.18235,6,19.83
1759693859.952,680,0.16969,closed,,1,0.18355,6,19.83
1759693859.999,681,0.20493,closed,,1,0.18475,6,19.83
1759693860.063,682,0.23689,closed,,1,0.18594,6,19.83
1759693860.111,683,0.25491,closed,,1,0.18713,6,19.83
1759693860.159,684,0.26242,open,,0,0.18686,7,19.83
1759693860.208,685,0.26694,open,,0,0.18659,7,19.83
1759693860.255,686,0.27177,open,,0,0.18632,7,19.83
1759693860.303,687,0.27461,open,,0,0.18605,7,19.83
1759693860.351,688,0.27598,open,,0,0.18578,7,19.83
1759693860.415,689,0.27702,open,,0,0.18551,7,19.83
1759693860.463,690,0.27683,open,,0,0.18524,7,19.83
1759693860.511,691,0.27518,open,,0,0.18497,7,19.83
1759693860.560,692,0.27346,open,,0,0.18470,7,19.83
1759693860.607,693,0.27140,open,,0,0.18444,7,19.83
1759693860.655,694,0.26864,open,,0,0.18417,7,19.83
1759693860.704,695,0.26775,open,,0,0.18391,7,19.83
1759693860.768,696,0.26461,open,,0,0.18364,7,19.83
1759693860.816,697,0.26471,open,,0,0.18338,7,19.83
1759693860.863,698,0.26438,open,,0,0.18312,7,19.86
1759693860.911,699,0.26784,open,,0,0.18286,7,19.86
1759693860.960,700,0.26729,open,,0,0.18260,7,19.86
1759693861.007,701,0.26852,open,,0,0.18234,7,19.86
1759693861.072,702,0.27083,open,,0,0.18208,7,19.86
1759693861.119,703,0.27410,open,,0,0.18182,7,19.86
1759693861.168,704,0.27602,open,,0,0.18156,7,19.86
1759693861.216,705,0.28012,open,,0,0.18130,7,19.86
1759693861.264,706,0.28158,open,,0,0.18105,7,19.86
1759693861.311,707,0.28235,open,,0,0.18079,7,19.86
1759693861.360,708,0.27967,open,,0,0.18054,7,19.86
1759693861.423,709,0.27600,open,,0,0.18028,7,19.86
1759693861.472,710,0.27005,open,,0,0.18003,7,19.86
1759693861.519,711,0.26735,open,,0,0.17978,7,19.86
1759693861.567,712,0.26408,open,,0,0.17952,7,19.86
1759693861.614,713,0.26321,open,,0,0.17927,7,19.86
1759693861.664,714,0.26158,open,,0,0.17902,7,19.86
1759693861.729,715,0.26127,open,,0,0.17877,7,19.86
1759693861.776,716,0.26196,open,,0,0.17852,7,19.86
1759693861.823,717,0.26015,open,,0,0.17827,7,19.86
1759693861.872,718,0.25844,open,,0,0.17803,7,19.83
1759693861.921,719,0.25893,open,,0,0.17778,7,19.83
1759693861.969,720,0.26057,open,,0,0.17753,7,19.83
1759693862.016,721,0.26085,open,,0,0.17729,7,19.83
1759693862.079,722,0.26359,open,,0,0.17704,7,19.83
1759693862.127,723,0.26855,open,,0,0.17680,7,19.83
1759693862.177,724,0.26893,open,,0,0.17655,7,19.83
1759693862.224,725,0.26708,open,,0,0.17631,7,19.83
1759693862.271,726,0.26002,open,,0,0.17607,7,19.83
1759693862.319,727,0.22940,open,,0,0.17582,7,19.83
1759693862.366,728,0.19206,open,,0,0.17558,7,19.83
1759693862.430,729,0.15439,closed,,1,0.17671,7,19.83
1759693862.479,730,0.11971,closed,,1,0.17784,7,19.83
1759693862.527,731,0.08873,closed,,1,0.17896,7,19.83
1759693862.576,732,0.07957,closed,,1,0.18008,7,19.83
1759693862.623,733,0.08206,closed,,1,0.18120,7,19.83
1759693862.672,734,0.09912,closed,,1,0.18231,7,19.83
1759693862.736,735,0.12208,closed,,1,0.18342,7,19.83
1759693862.783,736,0.15233,closed,,1,0.18453,7,19.83
1759693862.830,737,0.18391,closed,,1,0.18564,7,19.83
1759693862.880,738,0.20959,closed,,1,0.18674,7,19.85
1759693862.927,739,0.22550,closed,,1,0.18784,7,19.85
1759693862.975,740,0.23390,closed,,1,0.18893,7,19.85
1759693863.023,741,0.23681,closed,,1,0.19003,7,19.85
1759693863.088,742,0.23891,open,,0,0.18977,8,19.85
1759693863.135,743,0.24300,open,,0,0.18952,8,19.85
1759693863.183,744,0.24625,open,,0,0.18926,8,19.85
1759693863.231,745,0.25117,open,,0,0.18901,8,19.85
1759693863.278,746,0.26404,open,,0,0.18876,8,19.85
1759693863.327,747,0.27865,open,,0,0.18850,8,19.85
1759693863.391,748,0.29384,open,,0,0.18825,8,19.85
1759693863.440,749,0.31089,open,,0,0.18800,8,19.85
1759693863.488,750,0.32395,open,,0,0.18775,8,19.85
1759693863.535,751,0.32701,open,,0,0.18750,8,19.85
1759693863.582,752,0.32800,open,,0,0.18725,8,19.85
1759693863.630,753,0.32405,open,,0,0.18700,8,19.85
1759693863.681,754,0.31683,open,,0,0.18675,8,19.85
1759693863.744,755,0.31205,open,,0,0.18651,8,19.85
1759693863.792,756,0.30874,open,,0,0.18626,8,19.85
1759693863.840,757,0.30526,open,,0,0.18602,8,19.85
1759693863.888,758,0.30354,open,,0,0.18577,8,19.83
1759693863.936,759,0.30250,open,,0,0.18553,8,19.83
1759693863.984,760,0.30198,open,,0,0.18528,8,19.83
1759693864.032,761,0.30234,open,,0,0.18504,8,19.83
1759693864.095,762,0.30028,open,,0,0.18480,8,19.83
1759693864.143,763,0.30096,open,,0,0.18455,8,19.83
1759693864.191,764,0.30193,open,,0,0.18431,8,19.83
1759693864.239,765,0.29980,open,,0,0.18407,8,19.83
1759693864.288,766,0.30014,open,,0,0.18383,8,19.83
1759693864.335,767,0.30397,open,,0,0.18359,8,19.83
1759693864.399,768,0.30593,open,,0,0.18336,8,19.83
1759693864.448,769,0.30752,open,,0,0.18312,8,19.83
1759693864.495,770,0.31039,open,,0,0.18288,8,19.83
1759693864.542,771,0.31016,open,,0,0.18264,8,19.83
1759693864.592,772,0.31001,open,,0,0.18241,8,19.83
1759693864.640,773,0.30815,open,,0,0.18217,8,19.83
1759693864.688,774,0.30737,open,,0,0.18194,8,19.83
1759693864.752,775,0.30731,open,,0,0.18170,8,19.83
1759693864.799,776,0.30745,open,,0,0.18147,8,19.83
1759693864.848,777,0.30736,open,,0,0.18123,8,19.83
1759693864.896,778,0.30790,open,,0,0.18100,8,19.83
1759693864.944,779,0.30756,open,,0,0.18077,8,19.83
1759693864.990,780,0.30869,open,,0,0.18054,8,19.83
1759693865.055,781,0.31189,open,,0,0.18031,8,19.83
1759693865.102,782,0.31511,open,,0,0.18008,8,19.83
1759693865.150,783,0.31803,open,,0,0.17985,8,19.83
1759693865.199,784,0.31766,open,,0,0.17962,8,19.83
1759693865.248,785,0.31643,open,,0,0.17939,8,19.83
1759693865.296,786,0.31640,open,,0,0.17916,8,19.83
1759693865.344,787,0.31749,open,,0,0.17893,8,19.83
1759693865.408,788,0.31722,open,,0,0.17871,8,19.83
1759693865.456,789,0.32100,open,,0,0.17848,8,19.83
1759693865.503,790,0.32538,open,,0,0.17826,8,19.83
1759693865.553,791,0.32785,open,,0,0.17803,8,19.83
1759693865.600,792,0.33037,open,,0,0.17781,8,19.83
1759693865.648,793,0.33425,open,,0,0.17758,8,19.83
1759693865.695,794,0.33626,open,,0,0.17736,8,19.83
1759693865.760,795,0.33784,open,,0,0.17714,8,19.83
1759693865.808,796,0.33860,open,,0,0.17691,8,19.83
1759693865.855,797,0.33434,open,,0,0.17669,8,19.83
1759693865.904,798,0.33203,open,,0,0.17647,8,19.84
1759693865.953,799,0.33003,open,,0,0.17625,8,19.84
1759693866.000,800,0.32847,open,,0,0.17603,8,19.84
1759693866.064,801,0.32481,open,,0,0.17581,8,19.84
1759693866.112,802,0.32427,open,,0,0.17559,8,19.84
1759693866.160,803,0.32297,open,,0,0.17537,8,19.84
1759693866.207,804,0.32268,open,,0,0.17516,8,19.84
1759693866.256,805,0.32044,open,,0,0.17494,8,19.84
1759693866.303,806,0.32086,open,,0,0.17472,8,19.84
1759693866.352,807,0.32003,open,,0,0.17450,8,19.84
1759693866.416,808,0.31944,open,,0,0.17429,8,19.84
1759693866.464,809,0.31773,open,,0,0.17407,8,19.84
1759693866.513,810,0.31823,open,,0,0.17386,8,19.84
1759693866.561,811,0.32004,open,,0,0.17365,8,19.84
1759693866.608,812,0.32136,open,,0,0.17343,8,19.84
1759693866.656,813,0.32344,open,,0,0.17322,8,19.84
1759693866.720,814,0.32666,open,,0,0.17301,8,19.84
1759693866.768,815,0.32673,open,,0,0.17279,8,19.84
1759693866.816,816,0.32483,open,,0,0.17258,8,19.84
1759693866.864,817,0.31714,open,,0,0.17237,8,19.84
1759693866.912,818,0.30345,open,,0,0.17216,8,19.84
1759693866.960,819,0.28922,open,,0,0.17195,8,19.84
1759693867.008,820,0.27486,open,,0,0.17174,8,19.84
1759693867.071,821,0.26149,open,,0,0.17153,8,19.84
1759693867.119,822,0.25361,open,,0,0.17132,8,19.84
1759693867.169,823,0.25232,open,,0,0.17112,8,19.84
1759693867.216,824,0.24722,open,,0,0.17091,8,19.84
1759693867.263,825,0.24459,open,,0,0.17070,8,19.84
1759693867.311,826,0.24162,open,,0,0.17050,8,19.84
1759693867.361,827,0.24056,open,,0,0.17029,8,19.84
1759693867.424,828,0.23748,open,,0,0.17008,8,19.84
1759693867.472,829,0.23847,open,,0,0.16988,8,19.84
1759693867.520,830,0.23988,open,,0,0.16968,8,19.84
1759693867.568,831,0.23892,open,,0,0.16947,8,19.84
1759693867.616,832,0.23860,open,,0,0.16927,8,19.84
1759693867.663,833,0.24778,open,,0,0.16906,8,19.84
1759693867.727,834,0.26522,open,,0,0.16886,8,19.84
1759693867.776,835,0.28329,open,,0,0.16866,8,19.84
1759693867.824,836,0.30372,open,,0,0.16846,8,19.84
1759693867.872,837,0.32061,open,,0,0.16826,8,19.84
1759693867.919,838,0.32719,open,,0,0.16806,8,19.86
1759693867.969,839,0.32620,open,,0,0.16786,8,19.86
1759693868.017,840,0.32501,open,,0,0.16766,8,19.86
1759693868.080,841,0.32549,open,,0,0.16746,8,19.86
1759693868.128,842,0.32894,open,,0,0.16726,8,19.86
1759693868.176,843,0.33708,open,,0,0.16706,8,19.86
1759693868.224,844,0.34122,open,,0,0.16686,8,19.86
1759693868.272,845,0.34404,open,,0,0.16667,8,19.86
1759693868.320,846,0.34269,open,,0,0.16647,8,19.86
1759693868.368,847,0.33936,open,,0,0.16627,8,19.86
1759693868.432,848,0.33268,open,,0,0.16608,8,19.86
1759693868.480,849,0.32935,open,,0,0.16588,8,19.86
1759693868.528,850,0.32709,open,,0,0.16569,8,19.86
1759693868.576,851,0.32648,open,,0,0.16549,8,19.86
1759693868.625,852,0.32799,open,,0,0.16530,8,19.86
1759693868.672,853,0.32912,open,,0,0.16511,8,19.86
1759693868.737,854,0.33075,open,,0,0.16491,8,19.86
1759693868.784,855,0.33064,open,,0,0.16472,8,19.86
1759693868.832,856,0.33182,open,,0,0.16453,8,19.86
1759693868.880,857,0.33141,open,,0,0.16434,8,19.86
1759693868.928,858,0.33203,open,,0,0.16414,8,19.82
1759693868.976,859,0.33055,open,,0,0.16395,8,19.82
1759693869.025,860,0.33220,open,,0,0.16376,8,19.82
1759693869.089,861,0.33181,open,,0,0.16357,8,19.82
1759693869.137,862,0.33520,open,,0,0.16338,8,19.82
1759693869.185,863,0.33499,open,,0,0.16319,8,19.82
1759693869.233,864,0.33557,open,,0,0.16301,8,19.82
1759693869.281,865,0.33445,open,,0,0.16282,8,19.82
1759693869.328,866,0.33534,open,,0,0.16263,8,19.82
1759693869.392,867,0.33401,open,,0,0.16244,8,19.82
1759693869.441,868,0.33238,open,,0,0.16226,8,19.82
1759693869.489,869,0.33036,open,,0,0.16207,8,19.82
1759693869.536,870,0.32974,open,,0,0.16188,8,19.82
1759693869.584,871,0.32745,open,,0,0.16170,8,19.82
1759693869.633,872,0.32639,open,,0,0.16151,8,19.82
1759693869.681,873,0.32630,open,,0,0.16133,8,19.82
1759693869.745,874,0.32906,open,,0,0.16114,8,19.82
1759693869.793,875,0.33052,open,,0,0.16096,8,19.82
1759693869.840,876,0.33559,open,,0,0.16078,8,19.82
1759693869.888,877,0.33722,open,,0,0.16059,8,19.82
1759693869.937,878,0.33960,open,,0,0.16041,8,19.84
1759693869.984,879,0.33987,open,,0,0.16023,8,19.84
1759693870.032,880,0.33967,open,,0,0.16005,8,19.84
1759693870.098,881,0.33686,open,,0,0.15986,8,19.84
1759693870.144,882,0.33495,open,,0,0.15968,8,19.84
1759693870.193,883,0.33465,open,,0,0.15950,8,19.84
1759693870.240,884,0.33585,open,,0,0.15932,8,19.84
1759693870.289,885,0.33503,open,,0,0.15914,8,19.84
1759693870.336,886,0.33458,open,,0,0.15896,8,19.84
1759693870.400,887,0.33505,open,,0,0.15878,8,19.84
1759693870.448,888,0.33453,open,,0,0.15861,8,19.84
1759693870.496,889,0.33444,open,,0,0.15843,8,19.84
1759693870.546,890,0.33489,open,,0,0.15825,8,19.84
1759693870.593,891,0.33601,open,,0,0.15807,8,19.84
1759693870.641,892,0.33714,open,,0,0.15789,8,19.84
1759693870.690,893,0.33760,open,,0,0.15772,8,19.84
1759693870.752,894,0.33736,open,,0,0.15754,8,19.84
1759693870.801,895,0.33815,open,,0,0.15737,8,19.84
1759693870.849,896,0.33357,open,,0,0.15719,8,19.84
1759693870.897,897,0.32945,open,,0,0.15702,8,19.84
1759693870.944,898,0.32638,open,,0,0.15684,8,19.85
1759693870.992,899,0.32622,open,,0,0.15667,8,19.85
1759693871.057,900,0.32559,open,,0,0.15649,8,19.85
1759693871.105,901,0.32928,open,,0,0.15632,8,19.85
1759693871.153,902,0.33308,open,,0,0.15615,8,19.85
1759693871.200,903,0.33579,open,,0,0.15597,8,19.85
1759693871.248,904,0.33679,open,,0,0.15580,8,19.85
1759693871.295,905,0.33511,open,,0,0.15563,8,19.85
1759693871.344,906,0.33170,open,,0,0.15546,8,19.85
1759693871.409,907,0.32901,open,,0,0.15529,8,19.85
1759693871.456,908,0.32628,open,,0,0.15512,8,19.85
1759693871.503,909,0.32069,open,,0,0.15495,8,19.85
1759693871.552,910,0.31654,open,,0,0.15477,8,19.85
1759693871.601,911,0.31581,open,,0,0.15461,8,19.85
1759693871.648,912,0.31383,open,,0,0.15444,8,19.85
1759693871.695,913,0.31246,open,,0,0.15427,8,19.85
1759693871.760,914,0.31123,open,,0,0.15410,8,19.85
1759693871.807,915,0.31228,open,,0,0.15393,8,19.85
1759693871.855,916,0.31122,open,,0,0.15376,8,19.85
1759693871.903,917,0.31241,open,,0,0.15359,8,19.85
1759693871.952,918,0.31423,open,,0,0.15343,8,19.84
1759693871.999,919,0.31723,open,,0,0.15326,8,19.84
1759693872.064,920,0.32005,open,,0,0.15309,8,19.84
1759693872.112,921,0.32147,open,,0,0.15293,8,19.84
1759693872.161,922,0.32069,open,,0,0.15276,8,19.84
1759693872.208,923,0.31857,open,,0,0.15260,8,19.84
1759693872.256,924,0.31558,open,,0,0.15243,8,19.84
1759693872.303,925,0.31195,open,,0,0.15227,8,19.84
1759693872.351,926,0.31240,open,,0,0.15210,8,19.84
1759693872.415,927,0.31194,open,,0,0.15194,8,19.84
1759693872.464,928,0.31257,open,,0,0.15178,8,19.84
1759693872.511,929,0.31216,open,,0,0.15161,8,19.84
1759693872.560,930,0.31247,open,,0,0.15145,8,19.84
1759693872.607,931,0.30820,open,,0,0.15129,8,19.84
1759693872.656,932,0.30576,open,,0,0.15113,8,19.84
1759693872.721,933,0.30306,open,,0,0.15096,8,19.84
1759693872.768,934,0.30446,open,,0,0.15080,8,19.84
1759693872.816,935,0.30669,open,,0,0.15064,8,19.84
1759693872.864,936,0.31218,open,,0,0.15048,8,19.84
1759693872.912,937,0.31608,open,,0,0.15032,8,19.84
1759693872.960,938,0.32384,open,,0,0.15016,8,19.84
1759693873.008,939,0.32446,open,,0,0.15000,8,19.84
1759693873.074,940,0.32658,open,,0,0.14984,8,19.84
1759693873.120,941,0.32573,open,,0,0.14968,8,19.84
1759693873.167,942,0.32339,open,,0,0.14952,8,19.84
1759693873.216,943,0.32001,open,,0,0.14936,8,19.84
1759693873.265,944,0.31898,open,,0,0.14921,8,19.84
1759693873.312,945,0.31546,open,,0,0.14905,8,19.84
1759693873.361,946,0.31411,open,,0,0.14889,8,19.84
1759693873.424,947,0.31426,open,,0,0.14873,8,19.84
1759693873.473,948,0.31157,open,,0,0.14858,8,19.84
1759693873.520,949,0.31192,open,,0,0.14842,8,19.84
1759693873.570,950,0.31161,open,,0,0.14826,8,19.84
1759693873.616,951,0.31202,open,,0,0.14811,8,19.84
1759693873.664,952,0.31265,open,,0,0.14795,8,19.84
1759693873.728,953,0.31255,open,,0,0.14780,8,19.84
1759693873.776,954,0.31156,open,,0,0.14764,8,19.84
1759693873.825,955,0.31196,open,,0,0.14749,8,19.84
1759693873.873,956,0.31148,open,,0,0.14734,8,19.84
1759693873.921,957,0.30999,open,,0,0.14718,8,19.84
1759693873.969,958,0.30417,open,,0,0.14703,8,19.83
1759693874.016,959,0.29096,open,,0,0.14688,8,19.83
1759693874.080,960,0.27308,open,,0,0.14672,8,19.83
1759693874.128,961,0.25133,open,,0,0.14657,8,19.83
1759693874.177,962,0.23264,open,,0,0.14642,8,19.83
1759693874.225,963,0.21309,open,,0,0.14627,8,19.83
1759693874.273,964,0.18612,open,,0,0.14611,8,19.83
1759693874.321,965,0.19355,closed,,1,0.14700,8,19.83
1759693874.386,966,0.21672,closed,,1,0.14788,8,19.83
1759693874.433,967,0.24332,closed,,1,0.14876,8,19.83
1759693874.481,968,0.27410,closed,,1,0.14964,8,19.83
1759693874.528,969,0.32018,open,,0,0.14948,9,19.83
1759693874.576,970,0.33485,open,,0,0.14933,9,19.83
1759693874.624,971,0.33542,open,,0,0.14918,9,19.83
1759693874.673,972,0.32951,open,,0,0.14902,9,19.83
1759693874.737,973,0.32622,open,,0,0.14887,9,19.83
1759693874.785,974,0.32413,open,,0,0.14872,9,19.83
1759693874.833,975,0.32242,open,,0,0.14857,9,19.83
1759693874.881,976,0.32302,open,,0,0.14841,9,19.83
1759693874.927,977,0.32600,open,,0,0.14826,9,19.83
1759693874.978,978,0.32659,open,,0,0.14811,9,19.83
1759693875.025,979,0.32498,open,,0,0.14796,9,19.83
1759693875.088,980,0.32472,open,,0,0.14781,9,19.83
1759693875.137,981,0.32334,open,,0,0.14766,9,19.83
1759693875.184,982,0.32349,open,,0,0.14751,9,19.83
1759693875.233,983,0.31884,open,,0,0.14736,9,19.83
1759693875.280,984,0.31254,open,,0,0.14721,9,19.83
1759693875.329,985,0.30365,open,,0,0.14706,9,19.83
1759693875.392,986,0.29582,open,,0,0.14691,9,19.83
1759693875.441,987,0.28327,open,,0,0.14676,9,19.83
1759693875.488,988,0.27845,open,,0,0.14661,9,19.83
1759693875.536,989,0.27576,open,,0,0.14646,9,19.83
1759693875.585,990,0.27330,open,,0,0.14632,9,19.83
1759693875.632,991,0.27271,open,,0,0.14617,9,19.83
1759693875.681,992,0.27492,open,,0,0.14602,9,19.83
1759693875.744,993,0.27504,open,,0,0.14588,9,19.83
1759693875.794,994,0.27795,open,,0,0.14573,9,19.83
1759693875.840,995,0.28141,open,,0,0.14558,9,19.83
1759693875.888,996,0.28248,open,,0,0.14544,9,19.83
1759693875.936,997,0.28249,open,,0,0.14529,9,19.83
1759693875.984,998,0.28294,open,,0,0.14515,9,19.87
1759693876.048,999,0.27988,open,,0,0.14500,9,19.87
1759693876.097,1000,0.27755,open,,0,0.14486,9,19.87
1759693876.144,1001,0.27696,open,,0,0.14471,9,19.87
1759693876.192,1002,0.27708,open,,0,0.14457,9,19.87
1759693876.241,1003,0.27827,open,,0,0.14442,9,19.87
1759693876.289,1004,0.28036,open,,0,0.14428,9,19.87
1759693876.336,1005,0.28306,open,,0,0.14414,9,19.87
1759693876.402,1006,0.28461,open,,0,0.14399,9,19.87
1759693876.448,1007,0.28564,open,,0,0.14385,9,19.87
1759693876.495,1008,0.28466,open,,0,0.14371,9,19.87
1759693876.545,1009,0.28353,open,,0,0.14356,9,19.87
1759693876.592,1010,0.28304,open,,0,0.14342,9,19.87
1759693876.640,1011,0.28133,open,,0,0.14328,9,19.87
1759693876.688,1012,0.28022,open,,0,0.14314,9,19.87
1759693876.754,1013,0.27926,open,,0,0.14300,9,19.87
1759693876.801,1014,0.27818,open,,0,0.14286,9,19.87
1759693876.849,1015,0.27657,open,,0,0.14272,9,19.87
1759693876.896,1016,0.27658,open,,0,0.14258,9,19.87
1759693876.945,1017,0.27636,open,,0,0.14244,9,19.87
1759693876.993,1018,0.27766,open,,0,0.14230,9,19.84
1759693877.057,1019,0.27673,open,,0,0.14216,9,19.84
1759693877.104,1020,0.27701,open,,0,0.14202,9,19.84
1759693877.152,1021,0.27613,open,,0,0.14188,9,19.84
1759693877.201,1022,0.27631,open,,0,0.14174,9,19.84
1759693877.249,1023,0.27649,open,,0,0.14160,9,19.84
1759693877.296,1024,0.27955,open,,0,0.14146,9,19.84
1759693877.344,1025,0.28023,open,,0,0.14133,9,19.84
1759693877.409,1026,0.28139,open,,0,0.14119,9,19.84
1759693877.457,1027,0.28385,open,,0,0.14105,9,19.84
1759693877.504,1028,0.29258,open,,0,0.14091,9,19.84
1759693877.551,1029,0.30470,open,,0,0.14078,9,19.84
1759693877.600,1030,0.32040,open,,0,0.14064,9,19.84
1759693877.649,1031,0.33695,open,,0,0.14050,9,19.84
1759693877.696,1032,0.34911,open,,0,0.14037,9,19.84
1759693877.759,1033,0.35500,open,,0,0.14023,9,19.84
1759693877.808,1034,0.35375,open,,0,0.14010,9,19.84
1759693877.856,1035,0.34730,open,,0,0.13996,9,19.84
1759693877.902,1036,0.33742,open,,0,0.13983,9,19.84
1759693877.952,1037,0.33155,open,,0,0.13969,9,19.84
1759693878.001,1038,0.32389,open,,0,0.13956,9,19.84
1759693878.064,1039,0.31955,open,,0,0.13942,9,19.84
1759693878.112,1040,0.31686,open,,0,0.13929,9,19.84
1759693878.161,1041,0.31921,open,,0,0.13916,9,19.84
1759693878.207,1042,0.31827,open,,0,0.13902,9,19.84
1759693878.256,1043,0.31809,open,,0,0.13889,9,19.84
1759693878.304,1044,0.31793,open,,0,0.13876,9,19.84
1759693878.353,1045,0.31693,open,,0,0.13862,9,19.84
1759693878.416,1046,0.31303,open,,0,0.13849,9,19.84
1759693878.465,1047,0.31076,open,,0,0.13836,9,19.84
1759693878.512,1048,0.30914,open,,0,0.13823,9,19.84
1759693878.561,1049,0.30813,open,,0,0.13810,9,19.84
1759693878.608,1050,0.30798,open,,0,0.13796,9,19.84
1759693878.656,1051,0.30683,open,,0,0.13783,9,19.84
1759693878.720,1052,0.30652,open,,0,0.13770,9,19.84
1759693878.769,1053,0.30659,open,,0,0.13757,9,19.84
1759693878.815,1054,0.30514,open,,0,0.13744,9,19.84
1759693878.864,1055,0.30632,open,,0,0.13731,9,19.84
1759693878.912,1056,0.30700,open,,0,0.13718,9,19.84
1759693878.960,1057,0.30783,open,,0,0.13705,9,19.84
1759693879.008,1058,0.30794,open,,0,0.13692,9,19.86
1759693879.072,1059,0.30760,open,,0,0.13679,9,19.86
1759693879.120,1060,0.30680,open,,0,0.13666,9,19.86
1759693879.167,1061,0.30746,open,,0,0.13653,9,19.86
1759693879.216,1062,0.30780,open,,0,0.13641,9,19.86
1759693879.263,1063,0.30401,open,,0,0.13628,9,19.86
1759693879.311,1064,0.29676,open,,0,0.13615,9,19.86
1759693879.361,1065,0.28650,open,,0,0.13602,9,19.86
1759693879.424,1066,0.27920,open,,0,0.13590,9,19.86
1759693879.473,1067,0.26956,open,,0,0.13577,9,19.86
1759693879.521,1068,0.26450,open,,0,0.13564,9,19.86
1759693879.569,1069,0.26265,open,,0,0.13551,9,19.86
1759693879.615,1070,0.26511,open,,0,0.13539,9,19.86
1759693879.664,1071,0.26547,open,,0,0.13526,9,19.86
1759693879.728,1072,0.26657,open,,0,0.13514,9,19.86
1759693879.776,1073,0.26769,open,,0,0.13501,9,19.86
1759693879.824,1074,0.26952,open,,0,0.13488,9,19.86
1759693879.872,1075,0.26784,open,,0,0.13476,9,19.86
1759693879.919,1076,0.26550,open,,0,0.13463,9,19.86
1759693879.968,1077,0.26399,open,,0,0.13451,9,19.86
1759693880.015,1078,0.26037,open,,0,0.13438,9,19.85
1759693880.081,1079,0.25828,open,,0,0.13426,9,19.85
1759693880.127,1080,0.25706,open,,0,0.13414,9,19.85
1759693880.177,1081,0.26386,open,,0,0.13401,9,19.85
1759693880.224,1082,0.27781,open,,0,0.13389,9,19.85
1759693880.272,1083,0.29327,open,,0,0.13376,9,19.85
1759693880.320,1084,0.30585,open,,0,0.13364,9,19.85
1759693880.385,1085,0.31794,open,,0,0.13352,9,19.85
1759693880.432,1086,0.32213,open,,0,0.13339,9,19.85
1759693880.480,1087,0.31826,open,,0,0.13327,9,19.85
1759693880.527,1088,0.31529,open,,0,0.13315,9,19.85
1759693880.578,1089,0.31336,open,,0,0.13303,9,19.85
1759693880.625,1090,0.31288,open,,0,0.13291,9,19.85
1759693880.672,1091,0.31004,open,,0,0.13278,9,19.85
